surface,period_start,soc_code,occupation,soc_major_group,usage_share_pct,automation_share_pct,augmentation_share_pct,ai_autonomy_mean,caveat
claude_ai,2026-05-01,15-1299.03,Document Management Specialists,15,5.1,67.37,32.63,2.74,"Usage share is the share of this vendor's observed conversations, not a share of employment or of work performed."
claude_ai,2026-05-01,25-4022.00,Librarians and Media Collections Specialists,25,4.22,50.74,49.26,2.55,"Usage share is the share of this vendor's observed conversations, not a share of employment or of work performed."
claude_ai,2026-05-01,41-2021.00,Counter and Rental Clerks,41,2.72,43.48,56.52,2.56,"Usage share is the share of this vendor's observed conversations, not a share of employment or of work performed."
claude_ai,2026-05-01,27-3041.00,Editors,27,2.58,33.56,66.44,2.65,"Usage share is the share of this vendor's observed conversations, not a share of employment or of work performed."
claude_ai,2026-05-01,27-3043.00,Writers and Authors,27,2.22,28.54,71.46,2.62,"Usage share is the share of this vendor's observed conversations, not a share of employment or of work performed."
claude_ai,2026-05-01,15-1232.00,Computer User Support Specialists,15,2.17,65.62,34.38,2.42,"Usage share is the share of this vendor's observed conversations, not a share of employment or of work performed."
claude_ai,2026-05-01,15-1211.00,Computer Systems Analysts,15,1.91,84.24,15.76,2.69,"Usage share is the share of this vendor's observed conversations, not a share of employment or of work performed."
claude_ai,2026-05-01,15-1255.00,Web and Digital Interface Designers,15,1.7,51.34,48.66,3.14,"Usage share is the share of this vendor's observed conversations, not a share of employment or of work performed."
claude_ai,2026-05-01,15-1251.00,Computer Programmers,15,1.67,63.31,36.69,3.07,"Usage share is the share of this vendor's observed conversations, not a share of employment or of work performed."
claude_ai,2026-05-01,27-3042.00,Technical Writers,27,1.67,38.86,61.14,2.63,"Usage share is the share of this vendor's observed conversations, not a share of employment or of work performed."
claude_ai,2026-05-01,15-1243.01,Data Warehousing Specialists,15,1.65,60.71,39.29,3.08,"Usage share is the share of this vendor's observed conversations, not a share of employment or of work performed."
claude_ai,2026-05-01,27-3023.00,"News Analysts, Reporters, and Journalists",27,1.62,28.8,71.2,2.66,"Usage share is the share of this vendor's observed conversations, not a share of employment or of work performed."
claude_ai,2026-05-01,25-4031.00,Library Technicians,25,1.5,50.29,49.71,2.72,"Usage share is the share of this vendor's observed conversations, not a share of employment or of work performed."
claude_ai,2026-05-01,13-2071.00,Credit Counselors,13,1.49,34.66,65.34,2.58,"Usage share is the share of this vendor's observed conversations, not a share of employment or of work performed."
claude_ai,2026-05-01,27-3043.05,"Poets, Lyricists and Creative Writers",27,1.49,29.58,70.42,2.72,"Usage share is the share of this vendor's observed conversations, not a share of employment or of work performed."
first_party_api,2026-05-01,15-1299.03,Document Management Specialists,15,6.11,97.01,2.99,2.4,"Usage share is the share of this vendor's observed conversations, not a share of employment or of work performed."
first_party_api,2026-05-01,15-1299.02,Geographic Information Systems Technologists and Technicians,15,3.97,97.14,2.86,1.93,"Usage share is the share of this vendor's observed conversations, not a share of employment or of work performed."
first_party_api,2026-05-01,15-1253.00,Software Quality Assurance Analysts and Testers,15,2.35,93.97,6.03,2.51,"Usage share is the share of this vendor's observed conversations, not a share of employment or of work performed."
first_party_api,2026-05-01,25-4022.00,Librarians and Media Collections Specialists,25,2.34,95.04,4.96,2.3,"Usage share is the share of this vendor's observed conversations, not a share of employment or of work performed."
first_party_api,2026-05-01,25-4031.00,Library Technicians,25,2.26,96.88,3.12,2.15,"Usage share is the share of this vendor's observed conversations, not a share of employment or of work performed."
first_party_api,2026-05-01,27-3042.00,Technical Writers,27,2.25,97.18,2.82,2.02,"Usage share is the share of this vendor's observed conversations, not a share of employment or of work performed."
first_party_api,2026-05-01,27-3041.00,Editors,27,2.21,94.01,5.99,2.04,"Usage share is the share of this vendor's observed conversations, not a share of employment or of work performed."
first_party_api,2026-05-01,27-3043.00,Writers and Authors,27,2.09,95.75,4.25,2.08,"Usage share is the share of this vendor's observed conversations, not a share of employment or of work performed."
first_party_api,2026-05-01,43-9061.00,"Office Clerks, General",43,1.72,92.72,7.28,2.48,"Usage share is the share of this vendor's observed conversations, not a share of employment or of work performed."
first_party_api,2026-05-01,15-1243.01,Data Warehousing Specialists,15,1.58,88.9,11.1,2.92,"Usage share is the share of this vendor's observed conversations, not a share of employment or of work performed."
first_party_api,2026-05-01,15-1251.00,Computer Programmers,15,1.57,91.55,8.45,2.83,"Usage share is the share of this vendor's observed conversations, not a share of employment or of work performed."
first_party_api,2026-05-01,43-5061.00,"Production, Planning, and Expediting Clerks",43,1.47,86.23,13.77,1.9,"Usage share is the share of this vendor's observed conversations, not a share of employment or of work performed."
first_party_api,2026-05-01,15-1299.08,Computer Systems Engineers/Architects,15,1.45,95.48,4.52,2.18,"Usage share is the share of this vendor's observed conversations, not a share of employment or of work performed."
first_party_api,2026-05-01,27-3023.00,"News Analysts, Reporters, and Journalists",27,1.37,94.21,5.79,2.18,"Usage share is the share of this vendor's observed conversations, not a share of employment or of work performed."
first_party_api,2026-05-01,15-1211.00,Computer Systems Analysts,15,1.36,95.52,4.48,3.03,"Usage share is the share of this vendor's observed conversations, not a share of employment or of work performed."
