benchmark_a,benchmark_b,benchmark_a_scale,benchmark_b_scale,common_models,kendall_tau_b,tau_ci_low,tau_ci_high,spearman_rho,share_of_pairs_ordered_alike,top_10_overlap,estimator,both_vendor_composites
lmarena_text_rating,lmarena_webdev_rating,LMArena text arena Bradley-Terry rating (overall category),LMArena code arena Bradley-Terry rating (overall category),40,0.582051,0.409745,0.724047,0.75985,0.791026,0.7,kendall_tau_b_with_model_level_paired_bootstrap,False
aa_agentic_index,lmarena_text_rating,Vendor composite index (Artificial Analysis agentic),LMArena text arena Bradley-Terry rating (overall category),47,0.684895,0.548204,0.79132,0.858935,0.842447,0.8,kendall_tau_b_with_model_level_paired_bootstrap,False
aa_agentic_index,lmarena_webdev_rating,Vendor composite index (Artificial Analysis agentic),LMArena code arena Bradley-Terry rating (overall category),30,0.728736,0.563549,0.856802,0.884761,0.864368,0.8,kendall_tau_b_with_model_level_paired_bootstrap,False
aa_intelligence_index,lmarena_webdev_rating,Vendor composite index (Artificial Analysis intelligence),LMArena code arena Bradley-Terry rating (overall category),30,0.747126,0.572115,0.881517,0.886096,0.873563,0.8,kendall_tau_b_with_model_level_paired_bootstrap,False
aa_intelligence_index,lmarena_text_rating,Vendor composite index (Artificial Analysis intelligence),LMArena text arena Bradley-Terry rating (overall category),47,0.753355,0.639958,0.841709,0.91255,0.876678,0.9,kendall_tau_b_with_model_level_paired_bootstrap,False
aa_coding_index,lmarena_text_rating,Vendor composite index (Artificial Analysis coding),LMArena text arena Bradley-Terry rating (overall category),51,0.77098,0.673594,0.849238,0.92181,0.88549,1.0,kendall_tau_b_with_model_level_paired_bootstrap,False
aa_coding_index,lmarena_webdev_rating,Vendor composite index (Artificial Analysis coding),LMArena code arena Bradley-Terry rating (overall category),31,0.780645,0.617778,0.903089,0.914919,0.890323,0.8,kendall_tau_b_with_model_level_paired_bootstrap,False
aa_coding_index,aa_agentic_index,Vendor composite index (Artificial Analysis coding),Vendor composite index (Artificial Analysis agentic),108,0.839226,0.790501,0.880571,0.956113,0.919613,0.9,kendall_tau_b_with_model_level_paired_bootstrap,True
aa_intelligence_index,aa_agentic_index,Vendor composite index (Artificial Analysis intelligence),Vendor composite index (Artificial Analysis agentic),107,0.888319,0.856275,0.916936,0.979689,0.94416,0.9,kendall_tau_b_with_model_level_paired_bootstrap,True
aa_intelligence_index,aa_coding_index,Vendor composite index (Artificial Analysis intelligence),Vendor composite index (Artificial Analysis coding),107,0.902519,0.867372,0.93229,0.981635,0.951259,1.0,kendall_tau_b_with_model_level_paired_bootstrap,True
