feature,bucket,releases,share
weekday,Monday,467,0.20234
weekday,Tuesday,433,0.187608
weekday,Thursday,432,0.187175
weekday,Wednesday,427,0.185009
weekday,Friday,302,0.130849
weekday,Saturday,129,0.055893
weekday,Sunday,118,0.051127
month,September,268,0.116118
month,May,223,0.09662
month,November,215,0.093154
month,December,214,0.092721
month,October,212,0.091854
month,June,197,0.085355
month,April,196,0.084922
month,August,176,0.076256
month,July,168,0.07279
month,March,153,0.066291
month,February,145,0.062825
month,January,141,0.061092
quarter,Q4,641,0.27773
quarter,Q2,616,0.266898
quarter,Q3,612,0.265165
quarter,Q1,439,0.190208
