scenario,horizon_years,target_year,metric,value,unit,method,analysis_captured_at
conservative,2,2028,frontier_training_compute_multiplier,4.02,x current frontier trend,capped scenario from Epoch upper-tail slope; raw=4.02x capped=False,2026-08-21T11:07:27+00:00
conservative,2,2028,frontier_context_window_multiplier,2.28,x current API catalog trend,capped scenario from OpenRouter upper-tail slope; raw=2.28x capped=False,2026-08-21T11:07:27+00:00
conservative,2,2028,frontier_output_price_factor,0.6918,fraction of current low-price frontier API output cost,"Explicit price-decline scenario; current-catalog release-cohort diagnostic=0.036, scenario_assumed=-0.080",2026-08-21T11:07:27+00:00
conservative,2,2028,open_weight_lmarena_gap_remaining,42.5,arena rating points,current open vs closed LMArena gap with scenario-specific closure speed,2026-08-21T11:07:27+00:00
conservative,2,2028,share_of_us_occupation_tasks_materially_touched,0.05,share of task-weighted occupation activity,"Explicit scenario task-contact assumption (0.05 at 2y), capped by observed p90 substitution pressure; not a transition-model estimate.",2026-08-21T11:07:27+00:00
conservative,2,2028,frontier_signal_concentration_hhi,0.095,Herfindahl index of composite-signal shares (0-1),Sum of squared frontier-momentum composite shares across families in this snapshot; scale-free concentration diagnostic with no horizon dynamics.,2026-08-21T11:07:27+00:00
conservative,5,2031,frontier_training_compute_multiplier,32.45,x current frontier trend,capped scenario from Epoch upper-tail slope; raw=32.45x capped=False,2026-08-21T11:07:27+00:00
conservative,5,2031,frontier_context_window_multiplier,7.82,x current API catalog trend,capped scenario from OpenRouter upper-tail slope; raw=7.82x capped=False,2026-08-21T11:07:27+00:00
conservative,5,2031,frontier_output_price_factor,0.3981,fraction of current low-price frontier API output cost,"Explicit price-decline scenario; current-catalog release-cohort diagnostic=0.036, scenario_assumed=-0.080",2026-08-21T11:07:27+00:00
conservative,5,2031,open_weight_lmarena_gap_remaining,34.8,arena rating points,current open vs closed LMArena gap with scenario-specific closure speed,2026-08-21T11:07:27+00:00
conservative,5,2031,share_of_us_occupation_tasks_materially_touched,0.14,share of task-weighted occupation activity,"Explicit scenario task-contact assumption (0.14 at 5y), capped by observed p90 substitution pressure; not a transition-model estimate.",2026-08-21T11:07:27+00:00
conservative,5,2031,frontier_signal_concentration_hhi,0.095,Herfindahl index of composite-signal shares (0-1),Sum of squared frontier-momentum composite shares across families in this snapshot; scale-free concentration diagnostic with no horizon dynamics.,2026-08-21T11:07:27+00:00
conservative,10,2036,frontier_training_compute_multiplier,80.0,x current frontier trend,capped scenario from Epoch upper-tail slope; raw=1052.86x capped=True,2026-08-21T11:07:27+00:00
conservative,10,2036,frontier_context_window_multiplier,16.0,x current API catalog trend,capped scenario from OpenRouter upper-tail slope; raw=61.22x capped=True,2026-08-21T11:07:27+00:00
conservative,10,2036,frontier_output_price_factor,0.1585,fraction of current low-price frontier API output cost,"Explicit price-decline scenario; current-catalog release-cohort diagnostic=0.036, scenario_assumed=-0.080",2026-08-21T11:07:27+00:00
conservative,10,2036,open_weight_lmarena_gap_remaining,21.9,arena rating points,current open vs closed LMArena gap with scenario-specific closure speed,2026-08-21T11:07:27+00:00
conservative,10,2036,share_of_us_occupation_tasks_materially_touched,0.26,share of task-weighted occupation activity,"Explicit scenario task-contact assumption (0.26 at 10y), capped by observed p90 substitution pressure; not a transition-model estimate.",2026-08-21T11:07:27+00:00
conservative,10,2036,frontier_signal_concentration_hhi,0.095,Herfindahl index of composite-signal shares (0-1),Sum of squared frontier-momentum composite shares across families in this snapshot; scale-free concentration diagnostic with no horizon dynamics.,2026-08-21T11:07:27+00:00
base,2,2028,frontier_training_compute_multiplier,12.56,x current frontier trend,capped scenario from Epoch upper-tail slope; raw=12.56x capped=False,2026-08-21T11:07:27+00:00
base,2,2028,frontier_context_window_multiplier,6.23,x current API catalog trend,capped scenario from OpenRouter upper-tail slope; raw=6.23x capped=False,2026-08-21T11:07:27+00:00
base,2,2028,frontier_output_price_factor,0.4365,fraction of current low-price frontier API output cost,"Explicit price-decline scenario; current-catalog release-cohort diagnostic=0.036, scenario_assumed=-0.180",2026-08-21T11:07:27+00:00
base,2,2028,open_weight_lmarena_gap_remaining,36.2,arena rating points,current open vs closed LMArena gap with scenario-specific closure speed,2026-08-21T11:07:27+00:00
base,2,2028,share_of_us_occupation_tasks_materially_touched,0.09,share of task-weighted occupation activity,"Explicit scenario task-contact assumption (0.09 at 2y), capped by observed p90 substitution pressure; not a transition-model estimate.",2026-08-21T11:07:27+00:00
base,2,2028,frontier_signal_concentration_hhi,0.095,Herfindahl index of composite-signal shares (0-1),Sum of squared frontier-momentum composite shares across families in this snapshot; scale-free concentration diagnostic with no horizon dynamics.,2026-08-21T11:07:27+00:00
base,5,2031,frontier_training_compute_multiplier,400.0,x current frontier trend,capped scenario from Epoch upper-tail slope; raw=559.25x capped=True,2026-08-21T11:07:27+00:00
base,5,2031,frontier_context_window_multiplier,64.0,x current API catalog trend,capped scenario from OpenRouter upper-tail slope; raw=96.70x capped=True,2026-08-21T11:07:27+00:00
base,5,2031,frontier_output_price_factor,0.1259,fraction of current low-price frontier API output cost,"Explicit price-decline scenario; current-catalog release-cohort diagnostic=0.036, scenario_assumed=-0.180",2026-08-21T11:07:27+00:00
base,5,2031,open_weight_lmarena_gap_remaining,19.1,arena rating points,current open vs closed LMArena gap with scenario-specific closure speed,2026-08-21T11:07:27+00:00
base,5,2031,share_of_us_occupation_tasks_materially_touched,0.22,share of task-weighted occupation activity,"Explicit scenario task-contact assumption (0.22 at 5y), capped by observed p90 substitution pressure; not a transition-model estimate.",2026-08-21T11:07:27+00:00
base,5,2031,frontier_signal_concentration_hhi,0.095,Herfindahl index of composite-signal shares (0-1),Sum of squared frontier-momentum composite shares across families in this snapshot; scale-free concentration diagnostic with no horizon dynamics.,2026-08-21T11:07:27+00:00
base,10,2036,frontier_training_compute_multiplier,400.0,x current frontier trend,capped scenario from Epoch upper-tail slope; raw=312764.28x capped=True,2026-08-21T11:07:27+00:00
base,10,2036,frontier_context_window_multiplier,64.0,x current API catalog trend,capped scenario from OpenRouter upper-tail slope; raw=9351.33x capped=True,2026-08-21T11:07:27+00:00
base,10,2036,frontier_output_price_factor,0.05,fraction of current low-price frontier API output cost,"Explicit price-decline scenario; current-catalog release-cohort diagnostic=0.036, scenario_assumed=-0.180",2026-08-21T11:07:27+00:00
base,10,2036,open_weight_lmarena_gap_remaining,3.8,arena rating points,current open vs closed LMArena gap with scenario-specific closure speed,2026-08-21T11:07:27+00:00
base,10,2036,share_of_us_occupation_tasks_materially_touched,0.352,share of task-weighted occupation activity,"Explicit scenario task-contact assumption (0.40 at 10y), capped by observed p90 substitution pressure; not a transition-model estimate.",2026-08-21T11:07:27+00:00
base,10,2036,frontier_signal_concentration_hhi,0.095,Herfindahl index of composite-signal shares (0-1),Sum of squared frontier-momentum composite shares across families in this snapshot; scale-free concentration diagnostic with no horizon dynamics.,2026-08-21T11:07:27+00:00
aggressive,2,2028,frontier_training_compute_multiplier,39.23,x current frontier trend,capped scenario from Epoch upper-tail slope; raw=39.23x capped=False,2026-08-21T11:07:27+00:00
aggressive,2,2028,frontier_context_window_multiplier,15.53,x current API catalog trend,capped scenario from OpenRouter upper-tail slope; raw=15.53x capped=False,2026-08-21T11:07:27+00:00
aggressive,2,2028,frontier_output_price_factor,0.2512,fraction of current low-price frontier API output cost,"Explicit price-decline scenario; current-catalog release-cohort diagnostic=0.036, scenario_assumed=-0.300",2026-08-21T11:07:27+00:00
aggressive,2,2028,open_weight_lmarena_gap_remaining,32.2,arena rating points,current open vs closed LMArena gap with scenario-specific closure speed,2026-08-21T11:07:27+00:00
aggressive,2,2028,share_of_us_occupation_tasks_materially_touched,0.14,share of task-weighted occupation activity,"Explicit scenario task-contact assumption (0.14 at 2y), capped by observed p90 substitution pressure; not a transition-model estimate.",2026-08-21T11:07:27+00:00
aggressive,2,2028,frontier_signal_concentration_hhi,0.095,Herfindahl index of composite-signal shares (0-1),Sum of squared frontier-momentum composite shares across families in this snapshot; scale-free concentration diagnostic with no horizon dynamics.,2026-08-21T11:07:27+00:00
aggressive,5,2031,frontier_training_compute_multiplier,1200.0,x current frontier trend,capped scenario from Epoch upper-tail slope; raw=9639.01x capped=True,2026-08-21T11:07:27+00:00
aggressive,5,2031,frontier_context_window_multiplier,128.0,x current API catalog trend,capped scenario from OpenRouter upper-tail slope; raw=950.94x capped=True,2026-08-21T11:07:27+00:00
aggressive,5,2031,frontier_output_price_factor,0.05,fraction of current low-price frontier API output cost,"Explicit price-decline scenario; current-catalog release-cohort diagnostic=0.036, scenario_assumed=-0.300",2026-08-21T11:07:27+00:00
aggressive,5,2031,open_weight_lmarena_gap_remaining,9.1,arena rating points,current open vs closed LMArena gap with scenario-specific closure speed,2026-08-21T11:07:27+00:00
aggressive,5,2031,share_of_us_occupation_tasks_materially_touched,0.34,share of task-weighted occupation activity,"Explicit scenario task-contact assumption (0.34 at 5y), capped by observed p90 substitution pressure; not a transition-model estimate.",2026-08-21T11:07:27+00:00
aggressive,5,2031,frontier_signal_concentration_hhi,0.095,Herfindahl index of composite-signal shares (0-1),Sum of squared frontier-momentum composite shares across families in this snapshot; scale-free concentration diagnostic with no horizon dynamics.,2026-08-21T11:07:27+00:00
aggressive,10,2036,frontier_training_compute_multiplier,1200.0,x current frontier trend,capped scenario from Epoch upper-tail slope; raw=92910514.72x capped=True,2026-08-21T11:07:27+00:00
aggressive,10,2036,frontier_context_window_multiplier,128.0,x current API catalog trend,capped scenario from OpenRouter upper-tail slope; raw=904295.44x capped=True,2026-08-21T11:07:27+00:00
aggressive,10,2036,frontier_output_price_factor,0.05,fraction of current low-price frontier API output cost,"Explicit price-decline scenario; current-catalog release-cohort diagnostic=0.036, scenario_assumed=-0.300",2026-08-21T11:07:27+00:00
aggressive,10,2036,open_weight_lmarena_gap_remaining,3.8,arena rating points,current open vs closed LMArena gap with scenario-specific closure speed,2026-08-21T11:07:27+00:00
aggressive,10,2036,share_of_us_occupation_tasks_materially_touched,0.352,share of task-weighted occupation activity,"Explicit scenario task-contact assumption (0.62 at 10y), capped by observed p90 substitution pressure; not a transition-model estimate.",2026-08-21T11:07:27+00:00
aggressive,10,2036,frontier_signal_concentration_hhi,0.095,Herfindahl index of composite-signal shares (0-1),Sum of squared frontier-momentum composite shares across families in this snapshot; scale-free concentration diagnostic with no horizon dynamics.,2026-08-21T11:07:27+00:00
