scenario,horizon_years,target_year,modeled_average_message_cost_usd,message_cost_factor_vs_2026,median_fixed_task_cost_usd,fixed_task_cost_factor_vs_2026,frontier_workload_complexity_multiplier,frontier_price_factor,task_share_touched_input,context_multiplier_input,interpretation,method,analysis_captured_at
conservative,2,2028,0.282871,1.8579,0.012147,0.48588,1.9345,0.9604,0.05,2.28,Average task/message cost can rise if workload complexity and frontier routing grow faster than fixed-task unit costs fall.,"Scenario transform combining capability forecast task contact, context multiplier and quality-adjusted fixed-task cost priors.",2026-08-21T11:07:27+00:00
conservative,5,2031,0.426584,2.8018,0.003336,0.13344,3.0997,0.9039,0.14,7.82,Average task/message cost can rise if workload complexity and frontier routing grow faster than fixed-task unit costs fall.,"Scenario transform combining capability forecast task contact, context multiplier and quality-adjusted fixed-task cost priors.",2026-08-21T11:07:27+00:00
conservative,10,2036,0.541756,3.5583,0.000719,0.02876,4.3549,0.8171,0.26,16.0,Average task/message cost can rise if workload complexity and frontier routing grow faster than fixed-task unit costs fall.,"Scenario transform combining capability forecast task contact, context multiplier and quality-adjusted fixed-task cost priors.",2026-08-21T11:07:27+00:00
base,2,2028,0.397407,2.6102,0.006624,0.26496,2.6102,1.0,0.09,6.23,Average task/message cost can rise if workload complexity and frontier routing grow faster than fixed-task unit costs fall.,"Scenario transform combining capability forecast task contact, context multiplier and quality-adjusted fixed-task cost priors.",2026-08-21T11:07:27+00:00
base,5,2031,0.706212,4.6385,0.000733,0.02932,4.6385,1.0,0.22,64.0,Average task/message cost can rise if workload complexity and frontier routing grow faster than fixed-task unit costs fall.,"Scenario transform combining capability forecast task contact, context multiplier and quality-adjusted fixed-task cost priors.",2026-08-21T11:07:27+00:00
base,10,2036,0.866989,5.6945,0.000719,0.02876,5.6945,1.0,0.352,64.0,Average task/message cost can rise if workload complexity and frontier routing grow faster than fixed-task unit costs fall.,"Scenario transform combining capability forecast task contact, context multiplier and quality-adjusted fixed-task cost priors.",2026-08-21T11:07:27+00:00
aggressive,2,2028,0.578613,3.8004,0.003726,0.14904,3.3823,1.1236,0.14,15.53,Average task/message cost can rise if workload complexity and frontier routing grow faster than fixed-task unit costs fall.,"Scenario transform combining capability forecast task contact, context multiplier and quality-adjusted fixed-task cost priors.",2026-08-21T11:07:27+00:00
aggressive,5,2031,1.203511,7.9048,0.000719,0.02876,5.9069,1.3382,0.34,128.0,Average task/message cost can rise if workload complexity and frontier routing grow faster than fixed-task unit costs fall.,"Scenario transform combining capability forecast task contact, context multiplier and quality-adjusted fixed-task cost priors.",2026-08-21T11:07:27+00:00
aggressive,10,2036,1.636745,10.7503,0.000719,0.02876,6.0029,1.7908,0.352,128.0,Average task/message cost can rise if workload complexity and frontier routing grow faster than fixed-task unit costs fall.,"Scenario transform combining capability forecast task contact, context multiplier and quality-adjusted fixed-task cost priors.",2026-08-21T11:07:27+00:00
