publication_year,field,field_label,models,models_disclosing,disclosure_rate,ci_low,ci_high,estimator
2018,accessibility_raw,Accessibility statement,99,77,0.777778,0.686385,0.848419,wilson_score_interval
2019,accessibility_raw,Accessibility statement,168,163,0.970238,0.93223,0.987222,wilson_score_interval
2020,accessibility_raw,Accessibility statement,126,111,0.880952,0.81285,0.926513,wilson_score_interval
2021,accessibility_raw,Accessibility statement,210,194,0.92381,0.879832,0.952561,wilson_score_interval
2022,accessibility_raw,Accessibility statement,233,207,0.888412,0.841521,0.922703,wilson_score_interval
2023,accessibility_raw,Accessibility statement,523,448,0.856597,0.823956,0.884037,wilson_score_interval
2024,accessibility_raw,Accessibility statement,949,699,0.736565,0.707626,0.763597,wilson_score_interval
2018,parameters,Parameter count,99,73,0.737374,0.642996,0.814019,wilson_score_interval
2019,parameters,Parameter count,168,131,0.779762,0.711233,0.835783,wilson_score_interval
2020,parameters,Parameter count,126,102,0.809524,0.732206,0.868527,wilson_score_interval
2021,parameters,Parameter count,210,179,0.852381,0.798088,0.894014,wilson_score_interval
2022,parameters,Parameter count,233,174,0.746781,0.687253,0.798304,wilson_score_interval
2023,parameters,Parameter count,523,389,0.743786,0.70469,0.779327,wilson_score_interval
2024,parameters,Parameter count,949,553,0.582719,0.551073,0.613697,wilson_score_interval
2018,training_compute_flop,Training compute (FLOP),99,51,0.515152,0.417993,0.611178,wilson_score_interval
2019,training_compute_flop,Training compute (FLOP),168,82,0.488095,0.413625,0.563098,wilson_score_interval
2020,training_compute_flop,Training compute (FLOP),126,77,0.611111,0.523907,0.69174,wilson_score_interval
2021,training_compute_flop,Training compute (FLOP),210,139,0.661905,0.595525,0.722467,wilson_score_interval
2022,training_compute_flop,Training compute (FLOP),233,130,0.55794,0.493744,0.620256,wilson_score_interval
2023,training_compute_flop,Training compute (FLOP),523,229,0.437859,0.395945,0.480678,wilson_score_interval
2024,training_compute_flop,Training compute (FLOP),949,308,0.324552,0.295522,0.354997,wilson_score_interval
2018,training_hardware,Training hardware,99,29,0.292929,0.212366,0.388962,wilson_score_interval
2019,training_hardware,Training hardware,168,64,0.380952,0.310957,0.45627,wilson_score_interval
2020,training_hardware,Training hardware,126,65,0.515873,0.429443,0.601364,wilson_score_interval
2021,training_hardware,Training hardware,210,118,0.561905,0.494284,0.627301,wilson_score_interval
2022,training_hardware,Training hardware,233,112,0.480687,0.417369,0.544631,wilson_score_interval
2023,training_hardware,Training hardware,523,225,0.43021,0.388439,0.472999,wilson_score_interval
2024,training_hardware,Training hardware,949,349,0.367756,0.337667,0.39891,wilson_score_interval
2018,training_tokens,Training dataset size,99,58,0.585859,0.487398,0.677905,wilson_score_interval
2019,training_tokens,Training dataset size,168,92,0.547619,0.472129,0.62098,wilson_score_interval
2020,training_tokens,Training dataset size,126,78,0.619048,0.531922,0.699129,wilson_score_interval
2021,training_tokens,Training dataset size,210,109,0.519048,0.451738,0.585673,wilson_score_interval
2022,training_tokens,Training dataset size,233,150,0.643777,0.580412,0.702478,wilson_score_interval
2023,training_tokens,Training dataset size,523,208,0.397706,0.356653,0.44025,wilson_score_interval
2024,training_tokens,Training dataset size,949,223,0.234984,0.20911,0.262995,wilson_score_interval
