domain,domain_label,threshold_score,base_years_to_threshold,estimated_threshold_year,confidence,forecast_enabled,caveat,analysis_captured_at
vision_multimodal,Vision and multimodal,80,0.0,2026.0,low,True,The data mixes perception and generation; downstream reliability depends heavily on task framing.,2026-07-12T19:42:51+00:00
vision_multimodal,Vision and multimodal,90,0.0,2026.0,low,True,The data mixes perception and generation; downstream reliability depends heavily on task framing.,2026-07-12T19:42:51+00:00
vision_multimodal,Vision and multimodal,95,0.0,2026.0,low,True,The data mixes perception and generation; downstream reliability depends heavily on task framing.,2026-07-12T19:42:51+00:00
search_document,Search and document work,80,0.0,2026.0,insufficient_history,False,"Retrieval quality, source grounding and tool access can dominate model-only scores.",2026-07-12T19:42:51+00:00
search_document,Search and document work,90,0.0,2026.0,insufficient_history,False,"Retrieval quality, source grounding and tool access can dominate model-only scores.",2026-07-12T19:42:51+00:00
search_document,Search and document work,95,0.0,2026.0,insufficient_history,False,"Retrieval quality, source grounding and tool access can dominate model-only scores.",2026-07-12T19:42:51+00:00
science_reasoning,Science and reasoning,80,0.0,2026.0,insufficient_history,False,"This is a mixed domain; gains may come from either knowledge, search, reasoning-time or benchmark-specific training.",2026-07-12T19:42:51+00:00
science_reasoning,Science and reasoning,90,0.0,2026.0,insufficient_history,False,"This is a mixed domain; gains may come from either knowledge, search, reasoning-time or benchmark-specific training.",2026-07-12T19:42:51+00:00
science_reasoning,Science and reasoning,95,0.0,2026.0,insufficient_history,False,"This is a mixed domain; gains may come from either knowledge, search, reasoning-time or benchmark-specific training.",2026-07-12T19:42:51+00:00
legal_reasoning,Legal reasoning,80,0.0,2026.0,insufficient_history,False,Legal performance is highly jurisdictional; benchmark score is not professional legal authority.,2026-07-12T19:42:51+00:00
legal_reasoning,Legal reasoning,90,0.0,2026.0,insufficient_history,False,Legal performance is highly jurisdictional; benchmark score is not professional legal authority.,2026-07-12T19:42:51+00:00
legal_reasoning,Legal reasoning,95,,,insufficient_history,False,Legal performance is highly jurisdictional; benchmark score is not professional legal authority.,2026-07-12T19:42:51+00:00
language_writing,Language and writing,80,0.0,2026.0,low,True,Human preference and style vary; benchmark gains do not map one-to-one to brand-safe writing quality.,2026-07-12T19:42:51+00:00
language_writing,Language and writing,90,0.29,2027.0,low,True,Human preference and style vary; benchmark gains do not map one-to-one to brand-safe writing quality.,2026-07-12T19:42:51+00:00
language_writing,Language and writing,95,1.25,2028.0,low,True,Human preference and style vary; benchmark gains do not map one-to-one to brand-safe writing quality.,2026-07-12T19:42:51+00:00
instruction_following,Instruction following,80,0.0,2026.0,insufficient_history,False,"High scores can hide brittle behavior on a user's own constraints, so local evals remain important.",2026-07-12T19:42:51+00:00
instruction_following,Instruction following,90,,,insufficient_history,False,"High scores can hide brittle behavior on a user's own constraints, so local evals remain important.",2026-07-12T19:42:51+00:00
instruction_following,Instruction following,95,,,insufficient_history,False,"High scores can hide brittle behavior on a user's own constraints, so local evals remain important.",2026-07-12T19:42:51+00:00
agentic_terminal,Agentic terminal work,80,0.0,2026.0,low,True,"Agent scaffolding can dominate raw model quality, so model and agent should be separated when possible.",2026-07-12T19:42:51+00:00
agentic_terminal,Agentic terminal work,90,0.62,2027.0,low,True,"Agent scaffolding can dominate raw model quality, so model and agent should be separated when possible.",2026-07-12T19:42:51+00:00
agentic_terminal,Agentic terminal work,95,1.58,2028.0,low,True,"Agent scaffolding can dominate raw model quality, so model and agent should be separated when possible.",2026-07-12T19:42:51+00:00
software_engineering,Software engineering,80,0.03,2027.0,medium,True,Coding benchmarks move quickly and are contamination-sensitive; use fresh task windows when possible.,2026-07-12T19:42:51+00:00
software_engineering,Software engineering,90,3.44,2030.0,medium,True,Coding benchmarks move quickly and are contamination-sensitive; use fresh task windows when possible.,2026-07-12T19:42:51+00:00
software_engineering,Software engineering,95,6.85,2033.0,medium,True,Coding benchmarks move quickly and are contamination-sensitive; use fresh task windows when possible.,2026-07-12T19:42:51+00:00
medicine,Medicine and biomedical QA,80,,,insufficient_history,False,Multiple-choice medical QA is not clinical deployment safety; human review and liability remain binding.,2026-07-12T19:42:51+00:00
medicine,Medicine and biomedical QA,90,,,insufficient_history,False,Multiple-choice medical QA is not clinical deployment safety; human review and liability remain binding.,2026-07-12T19:42:51+00:00
medicine,Medicine and biomedical QA,95,,,insufficient_history,False,Multiple-choice medical QA is not clinical deployment safety; human review and liability remain binding.,2026-07-12T19:42:51+00:00
finance_quant,Finance and quantitative analysis,80,,,insufficient_history,False,Benchmarks are sparse and often workflow-specific; treat forecasts as directional until more longitudinal data exists.,2026-07-12T19:42:51+00:00
finance_quant,Finance and quantitative analysis,90,,,insufficient_history,False,Benchmarks are sparse and often workflow-specific; treat forecasts as directional until more longitudinal data exists.,2026-07-12T19:42:51+00:00
finance_quant,Finance and quantitative analysis,95,,,insufficient_history,False,Benchmarks are sparse and often workflow-specific; treat forecasts as directional until more longitudinal data exists.,2026-07-12T19:42:51+00:00
mathematics,Mathematics,80,,,insufficient_history,False,"Some math benchmarks saturate quickly, so hard fresh sets matter more than legacy averages.",2026-07-12T19:42:51+00:00
mathematics,Mathematics,90,,,insufficient_history,False,"Some math benchmarks saturate quickly, so hard fresh sets matter more than legacy averages.",2026-07-12T19:42:51+00:00
mathematics,Mathematics,95,,,insufficient_history,False,"Some math benchmarks saturate quickly, so hard fresh sets matter more than legacy averages.",2026-07-12T19:42:51+00:00
