domain,domain_label,normalized_result_rows,effective_observations,source_count,benchmark_count,model_count,family_count,earliest_eval_date,latest_eval_date,temporal_rows,coverage_label,interpretation,forecast_caveat,analysis_captured_at
software_engineering,Software engineering,3020,3017,4,4,391,12,2021-10-01,2026-05-14,2893,broad,"Code generation, repository repair, web development and terminal software workflows.",Coding benchmarks move quickly and are contamination-sensitive; use fresh task windows when possible.,2026-08-21T11:07:27+00:00
science_reasoning,Science and reasoning,46146,46112,2,36,1368,12,2025-08-07,2026-05-12,498,moderate,"Graduate-level science, GPQA-like reasoning, ARC/BBH/MuSR and broad reasoning suites.","This is a mixed domain; gains may come from either knowledge, search, reasoning-time or benchmark-specific training.",2026-08-21T11:07:27+00:00
language_writing,Language and writing,40009,40009,2,2,480,12,2023-05-08,2026-05-14,40009,moderate,"General text quality, paraphrase, editing, summarization and subjective chat preference.",Human preference and style vary; benchmark gains do not map one-to-one to brand-safe writing quality.,2026-08-21T11:07:27+00:00
instruction_following,Instruction following,1529,1528,2,2,1457,12,2024-06-11,2025-04-07,194,moderate,"Constraint following, output format obedience and prompt-level generalization.","High scores can hide brittle behavior on a user's own constraints, so local evals remain important.",2026-08-21T11:07:27+00:00
finance_quant,Finance and quantitative analysis,22,22,2,3,13,4,2025-04-13,2026-05-07,18,moderate,"Financial QA, quantitative coding, risk, pricing, forecasting and professional finance tasks.",Benchmarks are sparse and often workflow-specific; treat forecasts as directional until more longitudinal data exists.,2026-08-21T11:07:27+00:00
mathematics,Mathematics,12060,12051,1,9,1339,9,,,0,moderate,"Competition math, quantitative reasoning and formal problem solving.","Some math benchmarks saturate quickly, so hard fresh sets matter more than legacy averages.",2026-08-21T11:07:27+00:00
medicine,Medicine and biomedical QA,1873,1684,1,10,184,9,2024-03-15,2025-01-29,1855,moderate,"Medical question answering, biomedical literature reasoning and clinical knowledge subsets.",Multiple-choice medical QA is not clinical deployment safety; human review and liability remain binding.,2026-08-21T11:07:27+00:00
vision_multimodal,Vision and multimodal,10947,10945,1,3,202,10,2024-06-29,2026-05-12,10947,thin,"Image understanding, image editing, text-to-image and multimodal preference leaderboards.",The data mixes perception and generation; downstream reliability depends heavily on task framing.,2026-08-21T11:07:27+00:00
search_document,Search and document work,166,166,1,1,24,6,2026-03-03,2026-05-12,166,thin,"Search, long-document handling, retrieval-facing work and document synthesis.","Retrieval quality, source grounding and tool access can dominate model-only scores.",2026-08-21T11:07:27+00:00
agentic_terminal,Agentic terminal work,146,144,1,1,51,7,2025-10-31,2026-05-15,146,thin,"Long-horizon command-line tasks requiring planning, execution, debugging and environment control.","Agent scaffolding can dominate raw model quality, so model and agent should be separated when possible.",2026-08-21T11:07:27+00:00
legal_reasoning,Legal reasoning,20,20,1,2,10,6,2026-03-01,2026-03-01,20,thin,"Legal issue spotting, rule application, citations and jurisdiction-specific legal reasoning.",Legal performance is highly jurisdictional; benchmark score is not professional legal authority.,2026-08-21T11:07:27+00:00
