domain,domain_label,eval_year,frontier_score,best_score,median_score,result_rows,source_count,benchmark_count,analysis_captured_at
agentic_terminal,Agentic terminal work,2025.0,61.90999999999999,64.9,34.8,79,1,1,2026-07-12T19:42:51+00:00
agentic_terminal,Agentic terminal work,2026.0,84.36,90.2,66.5,63,1,1,2026-07-12T19:42:51+00:00
finance_quant,Finance and quantitative analysis,2026.0,64.89,68.8,61.85,18,1,2,2026-07-12T19:42:51+00:00
instruction_following,Instruction following,2024.0,86.78685897435896,100.0,69.44871794871796,150,1,1,2026-07-12T19:42:51+00:00
instruction_following,Instruction following,2025.0,85.71333333333334,93.66666666666667,77.88333333333333,43,1,1,2026-07-12T19:42:51+00:00
language_writing,Language and writing,2023.0,95.11904761904759,100.0,51.19047619047619,42,1,1,2026-07-12T19:42:51+00:00
language_writing,Language and writing,2024.0,78.74726690432716,100.0,47.81991874344912,490,2,2,2026-07-12T19:42:51+00:00
language_writing,Language and writing,2025.0,87.6085767736365,100.0,51.448348748581274,491,2,2,2026-07-12T19:42:51+00:00
language_writing,Language and writing,2026.0,99.41458622283865,100.0,59.42556634304208,354,1,1,2026-07-12T19:42:51+00:00
legal_reasoning,Legal reasoning,2026.0,93.875,100.0,75.75,20,1,2,2026-07-12T19:42:51+00:00
medicine,Medicine and biomedical QA,2024.0,72.39364265768933,98.89705882352942,65.667502550153,1639,1,10,2026-07-12T19:42:51+00:00
science_reasoning,Science and reasoning,2025.0,95.33333333333333,100.0,53.333333333333336,15,1,1,2026-07-12T19:42:51+00:00
science_reasoning,Science and reasoning,2026.0,95.17241379310343,100.0,51.724137931034484,29,1,1,2026-07-12T19:42:51+00:00
search_document,Search and document work,2026.0,95.20833333333333,100.0,52.08333333333333,24,1,1,2026-07-12T19:42:51+00:00
software_engineering,Software engineering,2023.0,61.27015941804674,89.17582417582418,10.590266562802803,180,1,1,2026-07-12T19:42:51+00:00
software_engineering,Software engineering,2024.0,63.303274123137115,100.0,29.36252356870125,234,2,2,2026-07-12T19:42:51+00:00
software_engineering,Software engineering,2025.0,86.61658653846152,100.0,45.01201923076923,187,2,2,2026-07-12T19:42:51+00:00
software_engineering,Software engineering,2026.0,96.15683229813664,100.0,54.50310559006211,80,1,1,2026-07-12T19:42:51+00:00
vision_multimodal,Vision and multimodal,2024.0,95.74074074074075,100.0,62.03703703703704,39,1,1,2026-07-12T19:42:51+00:00
vision_multimodal,Vision and multimodal,2025.0,95.8042148737216,100.0,51.35135135135135,149,1,3,2026-07-12T19:42:51+00:00
vision_multimodal,Vision and multimodal,2026.0,97.3132316961599,100.0,55.357142857142854,231,1,3,2026-07-12T19:42:51+00:00
