domain,domain_label,current_frontier_score,annual_frontier_point_gain_observed,slope_source,years_observed,longitudinal_benchmark_count,source_count,benchmark_count,model_count,coverage_label,interpretation,forecast_caveat,annual_frontier_point_gain_used,forecast_enabled,annual_gap_closure_rate_base,forecast_confidence,analysis_captured_at
vision_multimodal,Vision and multimodal,97.31,1.542,median_within_benchmark_slope,3,3,1,3,202,thin,"Image understanding, image editing, text-to-image and multimodal preference leaderboards.",The data mixes perception and generation; downstream reliability depends heavily on task framing.,1.542,True,0.1928,low,2026-08-21T11:07:27+00:00
search_document,Search and document work,95.21,,insufficient_comparable_history,1,0,1,1,24,thin,"Search, long-document handling, retrieval-facing work and document synthesis.","Retrieval quality, source grounding and tool access can dominate model-only scores.",0.0,False,0.035,insufficient_history,2026-08-21T11:07:27+00:00
science_reasoning,Science and reasoning,95.17,-0.161,median_within_benchmark_slope,2,1,2,36,1368,moderate,"Graduate-level science, GPQA-like reasoning, ARC/BBH/MuSR and broad reasoning suites.","This is a mixed domain; gains may come from either knowledge, search, reasoning-time or benchmark-specific training.",0.0,False,0.035,insufficient_history,2026-08-21T11:07:27+00:00
legal_reasoning,Legal reasoning,93.88,,insufficient_comparable_history,1,0,1,2,10,thin,"Legal issue spotting, rule application, citations and jurisdiction-specific legal reasoning.",Legal performance is highly jurisdictional; benchmark score is not professional legal authority.,0.0,False,0.035,insufficient_history,2026-08-21T11:07:27+00:00
language_writing,Language and writing,87.71,9.573,median_within_benchmark_slope,4,2,2,2,480,moderate,"General text quality, paraphrase, editing, summarization and subjective chat preference.",Human preference and style vary; benchmark gains do not map one-to-one to brand-safe writing quality.,9.573,True,0.72,low,2026-08-21T11:07:27+00:00
instruction_following,Instruction following,85.71,-1.074,median_within_benchmark_slope,2,1,2,2,1457,moderate,"Constraint following, output format obedience and prompt-level generalization.","High scores can hide brittle behavior on a user's own constraints, so local evals remain important.",0.0,False,0.035,insufficient_history,2026-08-21T11:07:27+00:00
agentic_terminal,Agentic terminal work,84.36,22.45,median_within_benchmark_slope,2,1,1,1,51,thin,"Long-horizon command-line tasks requiring planning, execution, debugging and environment control.","Agent scaffolding can dominate raw model quality, so model and agent should be separated when possible.",12.0,True,0.72,low,2026-08-21T11:07:27+00:00
software_engineering,Software engineering,79.87,4.094,median_within_benchmark_slope,4,3,4,4,391,broad,"Code generation, repository repair, web development and terminal software workflows.",Coding benchmarks move quickly and are contamination-sensitive; use fresh task windows when possible.,4.094,True,0.2034,medium,2026-08-21T11:07:27+00:00
medicine,Medicine and biomedical QA,72.39,,insufficient_comparable_history,1,0,1,10,184,moderate,"Medical question answering, biomedical literature reasoning and clinical knowledge subsets.",Multiple-choice medical QA is not clinical deployment safety; human review and liability remain binding.,0.0,False,0.035,insufficient_history,2026-08-21T11:07:27+00:00
finance_quant,Finance and quantitative analysis,64.89,,insufficient_comparable_history,1,0,2,3,13,moderate,"Financial QA, quantitative coding, risk, pricing, forecasting and professional finance tasks.",Benchmarks are sparse and often workflow-specific; treat forecasts as directional until more longitudinal data exists.,0.0,False,0.035,insufficient_history,2026-08-21T11:07:27+00:00
mathematics,Mathematics,39.38,,insufficient_comparable_history,0,0,1,9,1339,moderate,"Competition math, quantitative reasoning and formal problem solving.","Some math benchmarks saturate quickly, so hard fresh sets matter more than legacy averages.",0.0,False,0.035,insufficient_history,2026-08-21T11:07:27+00:00
