domain,domain_label,scenario,horizon_years,target_year,forecast_frontier_score,current_frontier_score,annual_gap_closure_rate,confidence,forecast_enabled,method,caveat,analysis_captured_at
vision_multimodal,Vision and multimodal,conservative,2,2028,97.82,97.31,0.106,low,True,Bounded exponential gap-closure scenario from within-benchmark longitudinal trends.,The data mixes perception and generation; downstream reliability depends heavily on task framing.,2026-07-12T19:42:51+00:00
vision_multimodal,Vision and multimodal,conservative,5,2031,98.42,97.31,0.106,low,True,Bounded exponential gap-closure scenario from within-benchmark longitudinal trends.,The data mixes perception and generation; downstream reliability depends heavily on task framing.,2026-07-12T19:42:51+00:00
vision_multimodal,Vision and multimodal,conservative,10,2036,99.07,97.31,0.106,low,True,Bounded exponential gap-closure scenario from within-benchmark longitudinal trends.,The data mixes perception and generation; downstream reliability depends heavily on task framing.,2026-07-12T19:42:51+00:00
vision_multimodal,Vision and multimodal,base,2,2028,98.17,97.31,0.1928,low,True,Bounded exponential gap-closure scenario from within-benchmark longitudinal trends.,The data mixes perception and generation; downstream reliability depends heavily on task framing.,2026-07-12T19:42:51+00:00
vision_multimodal,Vision and multimodal,base,5,2031,98.97,97.31,0.1928,low,True,Bounded exponential gap-closure scenario from within-benchmark longitudinal trends.,The data mixes perception and generation; downstream reliability depends heavily on task framing.,2026-07-12T19:42:51+00:00
vision_multimodal,Vision and multimodal,base,10,2036,99.5,97.31,0.1928,low,True,Bounded exponential gap-closure scenario from within-benchmark longitudinal trends.,The data mixes perception and generation; downstream reliability depends heavily on task framing.,2026-07-12T19:42:51+00:00
vision_multimodal,Vision and multimodal,aggressive,2,2028,98.46,97.31,0.2796,low,True,Bounded exponential gap-closure scenario from within-benchmark longitudinal trends.,The data mixes perception and generation; downstream reliability depends heavily on task framing.,2026-07-12T19:42:51+00:00
vision_multimodal,Vision and multimodal,aggressive,5,2031,99.34,97.31,0.2796,low,True,Bounded exponential gap-closure scenario from within-benchmark longitudinal trends.,The data mixes perception and generation; downstream reliability depends heavily on task framing.,2026-07-12T19:42:51+00:00
vision_multimodal,Vision and multimodal,aggressive,10,2036,99.5,97.31,0.2796,low,True,Bounded exponential gap-closure scenario from within-benchmark longitudinal trends.,The data mixes perception and generation; downstream reliability depends heavily on task framing.,2026-07-12T19:42:51+00:00
search_document,Search and document work,conservative,2,2028,95.21,95.21,0.0193,insufficient_history,False,No extrapolation: insufficient comparable longitudinal benchmark history.,"Retrieval quality, source grounding and tool access can dominate model-only scores.",2026-07-12T19:42:51+00:00
search_document,Search and document work,conservative,5,2031,95.21,95.21,0.0193,insufficient_history,False,No extrapolation: insufficient comparable longitudinal benchmark history.,"Retrieval quality, source grounding and tool access can dominate model-only scores.",2026-07-12T19:42:51+00:00
search_document,Search and document work,conservative,10,2036,95.21,95.21,0.0193,insufficient_history,False,No extrapolation: insufficient comparable longitudinal benchmark history.,"Retrieval quality, source grounding and tool access can dominate model-only scores.",2026-07-12T19:42:51+00:00
search_document,Search and document work,base,2,2028,95.21,95.21,0.035,insufficient_history,False,No extrapolation: insufficient comparable longitudinal benchmark history.,"Retrieval quality, source grounding and tool access can dominate model-only scores.",2026-07-12T19:42:51+00:00
search_document,Search and document work,base,5,2031,95.21,95.21,0.035,insufficient_history,False,No extrapolation: insufficient comparable longitudinal benchmark history.,"Retrieval quality, source grounding and tool access can dominate model-only scores.",2026-07-12T19:42:51+00:00
search_document,Search and document work,base,10,2036,95.21,95.21,0.035,insufficient_history,False,No extrapolation: insufficient comparable longitudinal benchmark history.,"Retrieval quality, source grounding and tool access can dominate model-only scores.",2026-07-12T19:42:51+00:00
search_document,Search and document work,aggressive,2,2028,95.21,95.21,0.0508,insufficient_history,False,No extrapolation: insufficient comparable longitudinal benchmark history.,"Retrieval quality, source grounding and tool access can dominate model-only scores.",2026-07-12T19:42:51+00:00
search_document,Search and document work,aggressive,5,2031,95.21,95.21,0.0508,insufficient_history,False,No extrapolation: insufficient comparable longitudinal benchmark history.,"Retrieval quality, source grounding and tool access can dominate model-only scores.",2026-07-12T19:42:51+00:00
search_document,Search and document work,aggressive,10,2036,95.21,95.21,0.0508,insufficient_history,False,No extrapolation: insufficient comparable longitudinal benchmark history.,"Retrieval quality, source grounding and tool access can dominate model-only scores.",2026-07-12T19:42:51+00:00
science_reasoning,Science and reasoning,conservative,2,2028,95.17,95.17,0.0193,insufficient_history,False,No extrapolation: insufficient comparable longitudinal benchmark history.,"This is a mixed domain; gains may come from either knowledge, search, reasoning-time or benchmark-specific training.",2026-07-12T19:42:51+00:00
science_reasoning,Science and reasoning,conservative,5,2031,95.17,95.17,0.0193,insufficient_history,False,No extrapolation: insufficient comparable longitudinal benchmark history.,"This is a mixed domain; gains may come from either knowledge, search, reasoning-time or benchmark-specific training.",2026-07-12T19:42:51+00:00
science_reasoning,Science and reasoning,conservative,10,2036,95.17,95.17,0.0193,insufficient_history,False,No extrapolation: insufficient comparable longitudinal benchmark history.,"This is a mixed domain; gains may come from either knowledge, search, reasoning-time or benchmark-specific training.",2026-07-12T19:42:51+00:00
science_reasoning,Science and reasoning,base,2,2028,95.17,95.17,0.035,insufficient_history,False,No extrapolation: insufficient comparable longitudinal benchmark history.,"This is a mixed domain; gains may come from either knowledge, search, reasoning-time or benchmark-specific training.",2026-07-12T19:42:51+00:00
science_reasoning,Science and reasoning,base,5,2031,95.17,95.17,0.035,insufficient_history,False,No extrapolation: insufficient comparable longitudinal benchmark history.,"This is a mixed domain; gains may come from either knowledge, search, reasoning-time or benchmark-specific training.",2026-07-12T19:42:51+00:00
science_reasoning,Science and reasoning,base,10,2036,95.17,95.17,0.035,insufficient_history,False,No extrapolation: insufficient comparable longitudinal benchmark history.,"This is a mixed domain; gains may come from either knowledge, search, reasoning-time or benchmark-specific training.",2026-07-12T19:42:51+00:00
science_reasoning,Science and reasoning,aggressive,2,2028,95.17,95.17,0.0508,insufficient_history,False,No extrapolation: insufficient comparable longitudinal benchmark history.,"This is a mixed domain; gains may come from either knowledge, search, reasoning-time or benchmark-specific training.",2026-07-12T19:42:51+00:00
science_reasoning,Science and reasoning,aggressive,5,2031,95.17,95.17,0.0508,insufficient_history,False,No extrapolation: insufficient comparable longitudinal benchmark history.,"This is a mixed domain; gains may come from either knowledge, search, reasoning-time or benchmark-specific training.",2026-07-12T19:42:51+00:00
science_reasoning,Science and reasoning,aggressive,10,2036,95.17,95.17,0.0508,insufficient_history,False,No extrapolation: insufficient comparable longitudinal benchmark history.,"This is a mixed domain; gains may come from either knowledge, search, reasoning-time or benchmark-specific training.",2026-07-12T19:42:51+00:00
legal_reasoning,Legal reasoning,conservative,2,2028,93.88,93.88,0.0193,insufficient_history,False,No extrapolation: insufficient comparable longitudinal benchmark history.,Legal performance is highly jurisdictional; benchmark score is not professional legal authority.,2026-07-12T19:42:51+00:00
legal_reasoning,Legal reasoning,conservative,5,2031,93.88,93.88,0.0193,insufficient_history,False,No extrapolation: insufficient comparable longitudinal benchmark history.,Legal performance is highly jurisdictional; benchmark score is not professional legal authority.,2026-07-12T19:42:51+00:00
legal_reasoning,Legal reasoning,conservative,10,2036,93.88,93.88,0.0193,insufficient_history,False,No extrapolation: insufficient comparable longitudinal benchmark history.,Legal performance is highly jurisdictional; benchmark score is not professional legal authority.,2026-07-12T19:42:51+00:00
legal_reasoning,Legal reasoning,base,2,2028,93.88,93.88,0.035,insufficient_history,False,No extrapolation: insufficient comparable longitudinal benchmark history.,Legal performance is highly jurisdictional; benchmark score is not professional legal authority.,2026-07-12T19:42:51+00:00
legal_reasoning,Legal reasoning,base,5,2031,93.88,93.88,0.035,insufficient_history,False,No extrapolation: insufficient comparable longitudinal benchmark history.,Legal performance is highly jurisdictional; benchmark score is not professional legal authority.,2026-07-12T19:42:51+00:00
legal_reasoning,Legal reasoning,base,10,2036,93.88,93.88,0.035,insufficient_history,False,No extrapolation: insufficient comparable longitudinal benchmark history.,Legal performance is highly jurisdictional; benchmark score is not professional legal authority.,2026-07-12T19:42:51+00:00
legal_reasoning,Legal reasoning,aggressive,2,2028,93.88,93.88,0.0508,insufficient_history,False,No extrapolation: insufficient comparable longitudinal benchmark history.,Legal performance is highly jurisdictional; benchmark score is not professional legal authority.,2026-07-12T19:42:51+00:00
legal_reasoning,Legal reasoning,aggressive,5,2031,93.88,93.88,0.0508,insufficient_history,False,No extrapolation: insufficient comparable longitudinal benchmark history.,Legal performance is highly jurisdictional; benchmark score is not professional legal authority.,2026-07-12T19:42:51+00:00
legal_reasoning,Legal reasoning,aggressive,10,2036,93.88,93.88,0.0508,insufficient_history,False,No extrapolation: insufficient comparable longitudinal benchmark history.,Legal performance is highly jurisdictional; benchmark score is not professional legal authority.,2026-07-12T19:42:51+00:00
language_writing,Language and writing,conservative,2,2028,94.43,87.71,0.396,low,True,Bounded exponential gap-closure scenario from within-benchmark longitudinal trends.,Human preference and style vary; benchmark gains do not map one-to-one to brand-safe writing quality.,2026-07-12T19:42:51+00:00
language_writing,Language and writing,conservative,5,2031,98.3,87.71,0.396,low,True,Bounded exponential gap-closure scenario from within-benchmark longitudinal trends.,Human preference and style vary; benchmark gains do not map one-to-one to brand-safe writing quality.,2026-07-12T19:42:51+00:00
language_writing,Language and writing,conservative,10,2036,99.5,87.71,0.396,low,True,Bounded exponential gap-closure scenario from within-benchmark longitudinal trends.,Human preference and style vary; benchmark gains do not map one-to-one to brand-safe writing quality.,2026-07-12T19:42:51+00:00
language_writing,Language and writing,base,2,2028,97.09,87.71,0.72,low,True,Bounded exponential gap-closure scenario from within-benchmark longitudinal trends.,Human preference and style vary; benchmark gains do not map one-to-one to brand-safe writing quality.,2026-07-12T19:42:51+00:00
language_writing,Language and writing,base,5,2031,99.5,87.71,0.72,low,True,Bounded exponential gap-closure scenario from within-benchmark longitudinal trends.,Human preference and style vary; benchmark gains do not map one-to-one to brand-safe writing quality.,2026-07-12T19:42:51+00:00
language_writing,Language and writing,base,10,2036,99.5,87.71,0.72,low,True,Bounded exponential gap-closure scenario from within-benchmark longitudinal trends.,Human preference and style vary; benchmark gains do not map one-to-one to brand-safe writing quality.,2026-07-12T19:42:51+00:00
language_writing,Language and writing,aggressive,2,2028,98.48,87.71,1.044,low,True,Bounded exponential gap-closure scenario from within-benchmark longitudinal trends.,Human preference and style vary; benchmark gains do not map one-to-one to brand-safe writing quality.,2026-07-12T19:42:51+00:00
language_writing,Language and writing,aggressive,5,2031,99.5,87.71,1.044,low,True,Bounded exponential gap-closure scenario from within-benchmark longitudinal trends.,Human preference and style vary; benchmark gains do not map one-to-one to brand-safe writing quality.,2026-07-12T19:42:51+00:00
language_writing,Language and writing,aggressive,10,2036,99.5,87.71,1.044,low,True,Bounded exponential gap-closure scenario from within-benchmark longitudinal trends.,Human preference and style vary; benchmark gains do not map one-to-one to brand-safe writing quality.,2026-07-12T19:42:51+00:00
instruction_following,Instruction following,conservative,2,2028,85.71,85.71,0.0193,insufficient_history,False,No extrapolation: insufficient comparable longitudinal benchmark history.,"High scores can hide brittle behavior on a user's own constraints, so local evals remain important.",2026-07-12T19:42:51+00:00
instruction_following,Instruction following,conservative,5,2031,85.71,85.71,0.0193,insufficient_history,False,No extrapolation: insufficient comparable longitudinal benchmark history.,"High scores can hide brittle behavior on a user's own constraints, so local evals remain important.",2026-07-12T19:42:51+00:00
instruction_following,Instruction following,conservative,10,2036,85.71,85.71,0.0193,insufficient_history,False,No extrapolation: insufficient comparable longitudinal benchmark history.,"High scores can hide brittle behavior on a user's own constraints, so local evals remain important.",2026-07-12T19:42:51+00:00
instruction_following,Instruction following,base,2,2028,85.71,85.71,0.035,insufficient_history,False,No extrapolation: insufficient comparable longitudinal benchmark history.,"High scores can hide brittle behavior on a user's own constraints, so local evals remain important.",2026-07-12T19:42:51+00:00
instruction_following,Instruction following,base,5,2031,85.71,85.71,0.035,insufficient_history,False,No extrapolation: insufficient comparable longitudinal benchmark history.,"High scores can hide brittle behavior on a user's own constraints, so local evals remain important.",2026-07-12T19:42:51+00:00
instruction_following,Instruction following,base,10,2036,85.71,85.71,0.035,insufficient_history,False,No extrapolation: insufficient comparable longitudinal benchmark history.,"High scores can hide brittle behavior on a user's own constraints, so local evals remain important.",2026-07-12T19:42:51+00:00
instruction_following,Instruction following,aggressive,2,2028,85.71,85.71,0.0508,insufficient_history,False,No extrapolation: insufficient comparable longitudinal benchmark history.,"High scores can hide brittle behavior on a user's own constraints, so local evals remain important.",2026-07-12T19:42:51+00:00
instruction_following,Instruction following,aggressive,5,2031,85.71,85.71,0.0508,insufficient_history,False,No extrapolation: insufficient comparable longitudinal benchmark history.,"High scores can hide brittle behavior on a user's own constraints, so local evals remain important.",2026-07-12T19:42:51+00:00
instruction_following,Instruction following,aggressive,10,2036,85.71,85.71,0.0508,insufficient_history,False,No extrapolation: insufficient comparable longitudinal benchmark history.,"High scores can hide brittle behavior on a user's own constraints, so local evals remain important.",2026-07-12T19:42:51+00:00
agentic_terminal,Agentic terminal work,conservative,2,2028,92.92,84.36,0.396,low,True,Bounded exponential gap-closure scenario from within-benchmark longitudinal trends.,"Agent scaffolding can dominate raw model quality, so model and agent should be separated when possible.",2026-07-12T19:42:51+00:00
agentic_terminal,Agentic terminal work,conservative,5,2031,97.84,84.36,0.396,low,True,Bounded exponential gap-closure scenario from within-benchmark longitudinal trends.,"Agent scaffolding can dominate raw model quality, so model and agent should be separated when possible.",2026-07-12T19:42:51+00:00
agentic_terminal,Agentic terminal work,conservative,10,2036,99.5,84.36,0.396,low,True,Bounded exponential gap-closure scenario from within-benchmark longitudinal trends.,"Agent scaffolding can dominate raw model quality, so model and agent should be separated when possible.",2026-07-12T19:42:51+00:00
agentic_terminal,Agentic terminal work,base,2,2028,96.29,84.36,0.72,low,True,Bounded exponential gap-closure scenario from within-benchmark longitudinal trends.,"Agent scaffolding can dominate raw model quality, so model and agent should be separated when possible.",2026-07-12T19:42:51+00:00
agentic_terminal,Agentic terminal work,base,5,2031,99.5,84.36,0.72,low,True,Bounded exponential gap-closure scenario from within-benchmark longitudinal trends.,"Agent scaffolding can dominate raw model quality, so model and agent should be separated when possible.",2026-07-12T19:42:51+00:00
agentic_terminal,Agentic terminal work,base,10,2036,99.5,84.36,0.72,low,True,Bounded exponential gap-closure scenario from within-benchmark longitudinal trends.,"Agent scaffolding can dominate raw model quality, so model and agent should be separated when possible.",2026-07-12T19:42:51+00:00
agentic_terminal,Agentic terminal work,aggressive,2,2028,98.06,84.36,1.044,low,True,Bounded exponential gap-closure scenario from within-benchmark longitudinal trends.,"Agent scaffolding can dominate raw model quality, so model and agent should be separated when possible.",2026-07-12T19:42:51+00:00
agentic_terminal,Agentic terminal work,aggressive,5,2031,99.5,84.36,1.044,low,True,Bounded exponential gap-closure scenario from within-benchmark longitudinal trends.,"Agent scaffolding can dominate raw model quality, so model and agent should be separated when possible.",2026-07-12T19:42:51+00:00
agentic_terminal,Agentic terminal work,aggressive,10,2036,99.5,84.36,1.044,low,True,Bounded exponential gap-closure scenario from within-benchmark longitudinal trends.,"Agent scaffolding can dominate raw model quality, so model and agent should be separated when possible.",2026-07-12T19:42:51+00:00
software_engineering,Software engineering,conservative,2,2028,83.91,79.87,0.1119,medium,True,Bounded exponential gap-closure scenario from within-benchmark longitudinal trends.,Coding benchmarks move quickly and are contamination-sensitive; use fresh task windows when possible.,2026-07-12T19:42:51+00:00
software_engineering,Software engineering,conservative,5,2031,88.49,79.87,0.1119,medium,True,Bounded exponential gap-closure scenario from within-benchmark longitudinal trends.,Coding benchmarks move quickly and are contamination-sensitive; use fresh task windows when possible.,2026-07-12T19:42:51+00:00
software_engineering,Software engineering,conservative,10,2036,93.42,79.87,0.1119,medium,True,Bounded exponential gap-closure scenario from within-benchmark longitudinal trends.,Coding benchmarks move quickly and are contamination-sensitive; use fresh task windows when possible.,2026-07-12T19:42:51+00:00
software_engineering,Software engineering,base,2,2028,86.6,79.87,0.2034,medium,True,Bounded exponential gap-closure scenario from within-benchmark longitudinal trends.,Coding benchmarks move quickly and are contamination-sensitive; use fresh task windows when possible.,2026-07-12T19:42:51+00:00
software_engineering,Software engineering,base,5,2031,92.72,79.87,0.2034,medium,True,Bounded exponential gap-closure scenario from within-benchmark longitudinal trends.,Coding benchmarks move quickly and are contamination-sensitive; use fresh task windows when possible.,2026-07-12T19:42:51+00:00
software_engineering,Software engineering,base,10,2036,97.37,79.87,0.2034,medium,True,Bounded exponential gap-closure scenario from within-benchmark longitudinal trends.,Coding benchmarks move quickly and are contamination-sensitive; use fresh task windows when possible.,2026-07-12T19:42:51+00:00
software_engineering,Software engineering,aggressive,2,2028,88.84,79.87,0.2949,medium,True,Bounded exponential gap-closure scenario from within-benchmark longitudinal trends.,Coding benchmarks move quickly and are contamination-sensitive; use fresh task windows when possible.,2026-07-12T19:42:51+00:00
software_engineering,Software engineering,aggressive,5,2031,95.39,79.87,0.2949,medium,True,Bounded exponential gap-closure scenario from within-benchmark longitudinal trends.,Coding benchmarks move quickly and are contamination-sensitive; use fresh task windows when possible.,2026-07-12T19:42:51+00:00
software_engineering,Software engineering,aggressive,10,2036,98.95,79.87,0.2949,medium,True,Bounded exponential gap-closure scenario from within-benchmark longitudinal trends.,Coding benchmarks move quickly and are contamination-sensitive; use fresh task windows when possible.,2026-07-12T19:42:51+00:00
medicine,Medicine and biomedical QA,conservative,2,2028,72.39,72.39,0.0193,insufficient_history,False,No extrapolation: insufficient comparable longitudinal benchmark history.,Multiple-choice medical QA is not clinical deployment safety; human review and liability remain binding.,2026-07-12T19:42:51+00:00
medicine,Medicine and biomedical QA,conservative,5,2031,72.39,72.39,0.0193,insufficient_history,False,No extrapolation: insufficient comparable longitudinal benchmark history.,Multiple-choice medical QA is not clinical deployment safety; human review and liability remain binding.,2026-07-12T19:42:51+00:00
medicine,Medicine and biomedical QA,conservative,10,2036,72.39,72.39,0.0193,insufficient_history,False,No extrapolation: insufficient comparable longitudinal benchmark history.,Multiple-choice medical QA is not clinical deployment safety; human review and liability remain binding.,2026-07-12T19:42:51+00:00
medicine,Medicine and biomedical QA,base,2,2028,72.39,72.39,0.035,insufficient_history,False,No extrapolation: insufficient comparable longitudinal benchmark history.,Multiple-choice medical QA is not clinical deployment safety; human review and liability remain binding.,2026-07-12T19:42:51+00:00
medicine,Medicine and biomedical QA,base,5,2031,72.39,72.39,0.035,insufficient_history,False,No extrapolation: insufficient comparable longitudinal benchmark history.,Multiple-choice medical QA is not clinical deployment safety; human review and liability remain binding.,2026-07-12T19:42:51+00:00
medicine,Medicine and biomedical QA,base,10,2036,72.39,72.39,0.035,insufficient_history,False,No extrapolation: insufficient comparable longitudinal benchmark history.,Multiple-choice medical QA is not clinical deployment safety; human review and liability remain binding.,2026-07-12T19:42:51+00:00
medicine,Medicine and biomedical QA,aggressive,2,2028,72.39,72.39,0.0508,insufficient_history,False,No extrapolation: insufficient comparable longitudinal benchmark history.,Multiple-choice medical QA is not clinical deployment safety; human review and liability remain binding.,2026-07-12T19:42:51+00:00
medicine,Medicine and biomedical QA,aggressive,5,2031,72.39,72.39,0.0508,insufficient_history,False,No extrapolation: insufficient comparable longitudinal benchmark history.,Multiple-choice medical QA is not clinical deployment safety; human review and liability remain binding.,2026-07-12T19:42:51+00:00
medicine,Medicine and biomedical QA,aggressive,10,2036,72.39,72.39,0.0508,insufficient_history,False,No extrapolation: insufficient comparable longitudinal benchmark history.,Multiple-choice medical QA is not clinical deployment safety; human review and liability remain binding.,2026-07-12T19:42:51+00:00
finance_quant,Finance and quantitative analysis,conservative,2,2028,64.89,64.89,0.0193,insufficient_history,False,No extrapolation: insufficient comparable longitudinal benchmark history.,Benchmarks are sparse and often workflow-specific; treat forecasts as directional until more longitudinal data exists.,2026-07-12T19:42:51+00:00
finance_quant,Finance and quantitative analysis,conservative,5,2031,64.89,64.89,0.0193,insufficient_history,False,No extrapolation: insufficient comparable longitudinal benchmark history.,Benchmarks are sparse and often workflow-specific; treat forecasts as directional until more longitudinal data exists.,2026-07-12T19:42:51+00:00
finance_quant,Finance and quantitative analysis,conservative,10,2036,64.89,64.89,0.0193,insufficient_history,False,No extrapolation: insufficient comparable longitudinal benchmark history.,Benchmarks are sparse and often workflow-specific; treat forecasts as directional until more longitudinal data exists.,2026-07-12T19:42:51+00:00
finance_quant,Finance and quantitative analysis,base,2,2028,64.89,64.89,0.035,insufficient_history,False,No extrapolation: insufficient comparable longitudinal benchmark history.,Benchmarks are sparse and often workflow-specific; treat forecasts as directional until more longitudinal data exists.,2026-07-12T19:42:51+00:00
finance_quant,Finance and quantitative analysis,base,5,2031,64.89,64.89,0.035,insufficient_history,False,No extrapolation: insufficient comparable longitudinal benchmark history.,Benchmarks are sparse and often workflow-specific; treat forecasts as directional until more longitudinal data exists.,2026-07-12T19:42:51+00:00
finance_quant,Finance and quantitative analysis,base,10,2036,64.89,64.89,0.035,insufficient_history,False,No extrapolation: insufficient comparable longitudinal benchmark history.,Benchmarks are sparse and often workflow-specific; treat forecasts as directional until more longitudinal data exists.,2026-07-12T19:42:51+00:00
finance_quant,Finance and quantitative analysis,aggressive,2,2028,64.89,64.89,0.0508,insufficient_history,False,No extrapolation: insufficient comparable longitudinal benchmark history.,Benchmarks are sparse and often workflow-specific; treat forecasts as directional until more longitudinal data exists.,2026-07-12T19:42:51+00:00
finance_quant,Finance and quantitative analysis,aggressive,5,2031,64.89,64.89,0.0508,insufficient_history,False,No extrapolation: insufficient comparable longitudinal benchmark history.,Benchmarks are sparse and often workflow-specific; treat forecasts as directional until more longitudinal data exists.,2026-07-12T19:42:51+00:00
finance_quant,Finance and quantitative analysis,aggressive,10,2036,64.89,64.89,0.0508,insufficient_history,False,No extrapolation: insufficient comparable longitudinal benchmark history.,Benchmarks are sparse and often workflow-specific; treat forecasts as directional until more longitudinal data exists.,2026-07-12T19:42:51+00:00
mathematics,Mathematics,conservative,2,2028,39.38,39.38,0.0193,insufficient_history,False,No extrapolation: insufficient comparable longitudinal benchmark history.,"Some math benchmarks saturate quickly, so hard fresh sets matter more than legacy averages.",2026-07-12T19:42:51+00:00
mathematics,Mathematics,conservative,5,2031,39.38,39.38,0.0193,insufficient_history,False,No extrapolation: insufficient comparable longitudinal benchmark history.,"Some math benchmarks saturate quickly, so hard fresh sets matter more than legacy averages.",2026-07-12T19:42:51+00:00
mathematics,Mathematics,conservative,10,2036,39.38,39.38,0.0193,insufficient_history,False,No extrapolation: insufficient comparable longitudinal benchmark history.,"Some math benchmarks saturate quickly, so hard fresh sets matter more than legacy averages.",2026-07-12T19:42:51+00:00
mathematics,Mathematics,base,2,2028,39.38,39.38,0.035,insufficient_history,False,No extrapolation: insufficient comparable longitudinal benchmark history.,"Some math benchmarks saturate quickly, so hard fresh sets matter more than legacy averages.",2026-07-12T19:42:51+00:00
mathematics,Mathematics,base,5,2031,39.38,39.38,0.035,insufficient_history,False,No extrapolation: insufficient comparable longitudinal benchmark history.,"Some math benchmarks saturate quickly, so hard fresh sets matter more than legacy averages.",2026-07-12T19:42:51+00:00
mathematics,Mathematics,base,10,2036,39.38,39.38,0.035,insufficient_history,False,No extrapolation: insufficient comparable longitudinal benchmark history.,"Some math benchmarks saturate quickly, so hard fresh sets matter more than legacy averages.",2026-07-12T19:42:51+00:00
mathematics,Mathematics,aggressive,2,2028,39.38,39.38,0.0508,insufficient_history,False,No extrapolation: insufficient comparable longitudinal benchmark history.,"Some math benchmarks saturate quickly, so hard fresh sets matter more than legacy averages.",2026-07-12T19:42:51+00:00
mathematics,Mathematics,aggressive,5,2031,39.38,39.38,0.0508,insufficient_history,False,No extrapolation: insufficient comparable longitudinal benchmark history.,"Some math benchmarks saturate quickly, so hard fresh sets matter more than legacy averages.",2026-07-12T19:42:51+00:00
mathematics,Mathematics,aggressive,10,2036,39.38,39.38,0.0508,insufficient_history,False,No extrapolation: insufficient comparable longitudinal benchmark history.,"Some math benchmarks saturate quickly, so hard fresh sets matter more than legacy averages.",2026-07-12T19:42:51+00:00
