grouping,group,occupation_count,labor_weight_sum,weighted_disruption_index,weighted_replacement_feasibility,weighted_augmentation_index,weighted_human_bottleneck,analysis_captured_at
dominant_outcome,replacement_candidate,3,22337.63,59.66,38.31,61.4,0.0,2026-07-12T19:42:51+00:00
dominant_outcome,mixed_redesign,364,2968942.98,33.73,14.76,27.53,3.33,2026-07-12T19:42:51+00:00
dominant_outcome,augmentation_first,389,4213430.26,32.69,9.76,36.22,3.15,2026-07-12T19:42:51+00:00
job_family,Legal,7,177232.86,41.42,15.0,41.45,2.96,2026-07-12T19:42:51+00:00
job_family,Computer and Mathematical,5,1035480.0,41.19,14.63,47.13,0.46,2026-07-12T19:42:51+00:00
job_family,Office and Administrative Support,50,370669.0,39.4,19.42,34.97,1.47,2026-07-12T19:42:51+00:00
job_family,Sales and Related,20,669033.0,38.34,18.01,40.1,1.12,2026-07-12T19:42:51+00:00
job_family,Business and Financial Operations,28,360279.64,37.39,14.84,37.28,1.61,2026-07-12T19:42:51+00:00
job_family,"Education, Training, and Library",52,562600.0,35.91,14.02,37.31,3.51,2026-07-12T19:42:51+00:00
job_family,"Life, Physical, and Social Science",37,37552.16,33.05,8.37,37.32,1.71,2026-07-12T19:42:51+00:00
job_family,"Arts, Design, Entertainment, Sports, and Media",32,65827.81,31.38,10.03,33.28,1.21,2026-07-12T19:42:51+00:00
job_family,Management,30,349859.0,31.37,6.68,33.29,2.02,2026-07-12T19:42:51+00:00
job_family,Building and Grounds Cleaning and Maintenance,8,553633.75,30.48,11.16,28.58,4.73,2026-07-12T19:42:51+00:00
job_family,unknown,84,84.0,29.11,10.78,24.38,1.87,2026-07-12T19:42:51+00:00
job_family,Healthcare Support,13,543348.46,28.96,8.69,26.52,7.23,2026-07-12T19:42:51+00:00
job_family,Production,93,94302.9,28.69,10.36,20.35,3.25,2026-07-12T19:42:51+00:00
job_family,Transportation and Material Moving,37,371696.22,28.56,9.1,22.67,3.7,2026-07-12T19:42:51+00:00
job_family,Architecture and Engineering,34,74695.88,28.44,5.96,27.18,2.65,2026-07-12T19:42:51+00:00
job_family,Food Preparation and Serving Related,14,946276.43,27.83,10.89,23.59,4.09,2026-07-12T19:42:51+00:00
job_family,Construction and Extraction,51,122071.18,27.71,9.03,20.01,4.68,2026-07-12T19:42:51+00:00
job_family,"Installation, Maintenance, and Repair",50,119789.2,27.64,7.84,21.66,7.33,2026-07-12T19:42:51+00:00
job_family,Healthcare Practitioners and Technical,43,215911.86,27.3,3.94,28.31,7.53,2026-07-12T19:42:51+00:00
job_family,Personal Care and Service,24,126692.92,27.18,7.56,27.7,3.07,2026-07-12T19:42:51+00:00
job_family,"Farming, Fishing, and Forestry",11,39290.91,26.85,9.32,18.42,3.2,2026-07-12T19:42:51+00:00
job_family,Protective Service,21,166872.86,26.5,7.13,22.06,2.74,2026-07-12T19:42:51+00:00
job_family,Community and Social Service,12,201510.83,25.38,3.91,30.31,5.61,2026-07-12T19:42:51+00:00
risk_label,very_high,1,7413.38,60.16,37.72,51.54,0.0,2026-07-12T19:42:51+00:00
risk_label,high,93,1627076.88,45.73,21.14,48.53,1.38,2026-07-12T19:42:51+00:00
risk_label,moderate,638,5330235.55,30.0,9.47,28.6,3.61,2026-07-12T19:42:51+00:00
risk_label,low,24,239985.06,18.57,2.77,16.36,7.07,2026-07-12T19:42:51+00:00
