year,profile,display_name,complexity_label,mix_share,input_tokens,output_tokens,price_quantile,input_price_usd_per_1m,output_price_usd_per_1m,profile_cost_usd,weighted_cost_contribution_usd,method,analysis_captured_at
2023,simple_chat,Simple chat or Q&A,low,0.7,900,500,0.2,0.382,0.558,0.000623,0.000436,Modeled workload mix over current listed-price cohorts; not observed invoice data.,2026-07-12T19:42:51+00:00
2023,knowledge_work_message,Knowledge-work message,medium,0.25,3500,1200,0.5,1.125,1.75,0.006037,0.001509,Modeled workload mix over current listed-price cohorts; not observed invoice data.,2026-07-12T19:42:51+00:00
2023,long_context_analysis,Long-context analysis,high,0.05,45000,5000,0.75,8.25,23.5,0.48875,0.024438,Modeled workload mix over current listed-price cohorts; not observed invoice data.,2026-07-12T19:42:51+00:00
2023,agentic_workflow,Agentic workflow run,frontier_agentic,0.0,220000,30000,0.9,30.0,60.0,8.4,0.0,Modeled workload mix over current listed-price cohorts; not observed invoice data.,2026-07-12T19:42:51+00:00
2024,simple_chat,Simple chat or Q&A,low,0.57,900,500,0.2,0.116,0.256,0.000232,0.000132,Modeled workload mix over current listed-price cohorts; not observed invoice data.,2026-07-12T19:42:51+00:00
2024,knowledge_work_message,Knowledge-work message,medium,0.3,3500,1200,0.5,0.65,1.0,0.003475,0.001042,Modeled workload mix over current listed-price cohorts; not observed invoice data.,2026-07-12T19:42:51+00:00
2024,long_context_analysis,Long-context analysis,high,0.1,45000,5000,0.75,2.0,6.0,0.12,0.012,Modeled workload mix over current listed-price cohorts; not observed invoice data.,2026-07-12T19:42:51+00:00
2024,agentic_workflow,Agentic workflow run,frontier_agentic,0.03,220000,30000,0.9,7.0,21.0,2.17,0.0651,Modeled workload mix over current listed-price cohorts; not observed invoice data.,2026-07-12T19:42:51+00:00
2025,simple_chat,Simple chat or Q&A,low,0.43,900,500,0.2,0.1,0.3,0.00024,0.000103,Modeled workload mix over current listed-price cohorts; not observed invoice data.,2026-07-12T19:42:51+00:00
2025,knowledge_work_message,Knowledge-work message,medium,0.33,3500,1200,0.5,0.4,1.1,0.00272,0.000898,Modeled workload mix over current listed-price cohorts; not observed invoice data.,2026-07-12T19:42:51+00:00
2025,long_context_analysis,Long-context analysis,high,0.17,45000,5000,0.75,1.25,4.4,0.07825,0.013303,Modeled workload mix over current listed-price cohorts; not observed invoice data.,2026-07-12T19:42:51+00:00
2025,agentic_workflow,Agentic workflow run,frontier_agentic,0.07,220000,30000,0.9,2.95,10.0,0.949,0.06643,Modeled workload mix over current listed-price cohorts; not observed invoice data.,2026-07-12T19:42:51+00:00
2026,simple_chat,Simple chat or Q&A,low,0.32,900,500,0.2,0.1,0.37,0.000275,8.8e-05,Modeled workload mix over current listed-price cohorts; not observed invoice data.,2026-07-12T19:42:51+00:00
2026,knowledge_work_message,Knowledge-work message,medium,0.34,3500,1200,0.5,0.4,1.5,0.0032,0.001088,Modeled workload mix over current listed-price cohorts; not observed invoice data.,2026-07-12T19:42:51+00:00
2026,long_context_analysis,Long-context analysis,high,0.22,45000,5000,0.75,1.25,5.0,0.08125,0.017875,Modeled workload mix over current listed-price cohorts; not observed invoice data.,2026-07-12T19:42:51+00:00
2026,agentic_workflow,Agentic workflow run,frontier_agentic,0.12,220000,30000,0.9,3.0,15.0,1.11,0.1332,Modeled workload mix over current listed-price cohorts; not observed invoice data.,2026-07-12T19:42:51+00:00
