group,metric,models,median,ci_low,ci_high,p10,p90,estimator,scope
weights_published,input_usd_per_1m,139,0.2,0.14,0.26,0.05,0.73772,percentile_bootstrap_of_median,cross-section of currently listed models; not a price history
weights_published,output_usd_per_1m,139,0.75,0.5,0.87,0.136,2.56,percentile_bootstrap_of_median,cross-section of currently listed models; not a price history
weights_published,blended_usd_per_call,139,0.00142,0.001072,0.00175,0.0003,0.004568,percentile_bootstrap_of_median,cross-section of currently listed models; not a price history
weights_not_published,input_usd_per_1m,182,1.25,1.0,1.25,0.15,9.8,percentile_bootstrap_of_median,cross-section of currently listed models; not a price history
weights_not_published,output_usd_per_1m,182,4.4,3.0,6.87,0.6,30.0,percentile_bootstrap_of_median,cross-section of currently listed models; not a price history
weights_not_published,blended_usd_per_call,182,0.00775,0.00624,0.012,0.00105,0.045,percentile_bootstrap_of_median,cross-section of currently listed models; not a price history
all_listed,input_usd_per_1m,321,0.5,0.325,0.6,0.07,5.0,percentile_bootstrap_of_median,cross-section of currently listed models; not a price history
all_listed,output_usd_per_1m,321,1.8,1.28,2.0,0.2,15.0,percentile_bootstrap_of_median,cross-section of currently listed models; not a price history
all_listed,blended_usd_per_call,321,0.0032,0.0027,0.00385,0.00048,0.03,percentile_bootstrap_of_median,cross-section of currently listed models; not a price history
