surface,soc_major_group,occupations,usage_share_pct,median_automation_share_pct,median_ai_autonomy_mean,top_occupation
claude_ai,15,36,23.79,60.75,2.83,Document Management Specialists
claude_ai,27,38,13.55,43.06,2.845,Editors
claude_ai,25,62,12.85,29.65,2.65,Librarians and Media Collections Specialists
claude_ai,41,22,9.15,45.14,2.645,Counter and Rental Clerks
claude_ai,43,48,7.85,57.665,2.665,Word Processors and Typists
claude_ai,11,50,5.92,45.755,2.88,Advertising and Promotions Managers
claude_ai,13,47,5.74,45.02,2.79,Credit Counselors
claude_ai,19,57,4.46,46.585,2.85,Clinical and Counseling Psychologists
claude_ai,17,54,3.54,46.15,2.8,Computer Hardware Engineers
claude_ai,29,77,3.27,45.49,2.65,Cardiologists
claude_ai,21,14,2.57,42.045,2.865,"Directors, Religious Activities and Education"
claude_ai,39,28,1.21,56.36,2.695,"Locker Room, Coatroom, and Dressing Room Attendants"
claude_ai,23,7,1.03,37.83,2.77,Lawyers
claude_ai,51,46,0.99,64.66,2.75,Stationary Engineers and Boiler Operators
claude_ai,31,13,0.6,51.56,2.68,Nursing Assistants
claude_ai,49,31,0.59,70.08,2.56,Geothermal Technicians
claude_ai,35,16,0.48,57.205,2.63,"Hosts and Hostesses, Restaurant, Lounge, and Coffee Shop"
claude_ai,33,18,0.33,59.07,2.71,Correctional Officers and Jailers
claude_ai,53,26,0.32,64.68,2.72,"Transportation Vehicle, Equipment and Systems Inspectors, Except Aviation"
claude_ai,37,4,0.14,64.505,2.68,First-Line Supervisors of Housekeeping and Janitorial Workers
claude_ai,47,19,0.09,48.51,2.74,Carpenters
claude_ai,45,5,0.04,52.6,2.51,"Farmworkers and Laborers, Crop, Nursery, and Greenhouse"
first_party_api,15,36,28.15,95.28,2.5,Document Management Specialists
first_party_api,27,35,12.43,93.06,2.25,Technical Writers
first_party_api,43,47,11.72,97.25,2.07,"Office Clerks, General"
first_party_api,11,50,6.3,96.435,2.21,Chief Executives
first_party_api,25,62,6.13,79.31,2.21,Librarians and Media Collections Specialists
first_party_api,13,44,4.54,95.575,2.22,Online Merchants
first_party_api,19,56,4.25,93.355,2.27,Chemical Technicians
first_party_api,17,54,3.95,92.2,2.285,Environmental Engineering Technologists and Technicians
first_party_api,41,22,3.7,92.515,2.15,Telemarketers
first_party_api,39,29,1.94,95.83,2.09,"Locker Room, Coatroom, and Dressing Room Attendants"
first_party_api,33,19,1.68,97.37,2.03,Correctional Officers and Jailers
first_party_api,49,31,1.06,97.39,2.26,"Telecommunications Equipment Installers and Repairers, Except Line Installers"
first_party_api,51,40,0.92,97.52,2.185,Stationary Engineers and Boiler Operators
first_party_api,21,12,0.9,89.28,2.3,Marriage and Family Therapists
first_party_api,53,26,0.72,97.675,2.115,Air Traffic Controllers
first_party_api,29,72,0.71,93.495,2.165,Pharmacy Technicians
first_party_api,31,13,0.39,95.3,2.14,Nursing Assistants
first_party_api,23,7,0.36,85.14,2.07,Lawyers
first_party_api,35,13,0.34,93.55,2.15,"Hosts and Hostesses, Restaurant, Lounge, and Coffee Shop"
first_party_api,45,3,0.09,93.94,2.15,"First-Line Supervisors of Farming, Fishing, and Forestry Workers"
first_party_api,37,4,0.06,94.635,2.29,First-Line Supervisors of Housekeeping and Janitorial Workers
first_party_api,47,15,0.06,96.97,2.17,First-Line Supervisors of Construction Trades and Extraction Workers
